model,roundtrip_bps,trades,exposure,turnover,CAGR,Sharpe,MaxDD,final_equity
Entry@t+1 (No-Overlap),5.0,14,0.7015706806282722,28.0,0.23326324108366614,0.7052945928151679,-0.22988981699499222,1.1722345169939095
Entry@t+1 (No-Overlap),10.0,14,0.7015706806282722,28.0,0.22191925461248596,0.6742965724405373,-0.2298898169949921,1.1640528401647445
Entry@t+1 (No-Overlap),15.0,14,0.7015706806282722,28.0,0.21067681484178058,0.6432682814665989,-0.22988981699499222,1.1559262421020298
Entry@t+1 (No-Overlap),25.0,14,0.7015706806282722,28.0,0.18849304714169457,0.5811291273721507,-0.2298898169949921,1.1398368559250138
Entry@t+1 (No-Overlap),50.0,14,0.7015706806282722,28.0,0.13474972788981843,0.4253965010892755,-0.22988981699499222,1.100552539946506
Entry@t+1 (No-Overlap),100.0,14,0.7015706806282722,28.0,0.03426372830825297,0.11317462685460507,-0.22988981699499222,1.0258635332066262
