{
  "balanced_accuracy": 0.5379336846728151,
  "mcc": 0.0813073754875888,
  "auprc": 0.4892058887356533
}