roc_auc,auprc,mcc,cost_CAGR,cost_Sharpe
0.4986824769433465,0.5205507859516254,0.03536882872840383,0.2106768148417805,0.6432682814665989
