{
  "balanced_accuracy": 0.5334314591306054,
  "mcc": 0.06702094014958217,
  "auprc": 0.543936899017591
}