roc_auc,auprc,mcc,cost_CAGR,cost_Sharpe
0.5164556962025316,0.5315727363476617,0.06702094014958217,-0.1381029864650252,-1.2056497533999686
