{
  "balanced_accuracy": 0.5044466403162056,
  "mcc": 0.008931607562259565,
  "auprc": 0.4675036134118732
}