roc_auc,auprc,mcc,cost_CAGR,cost_Sharpe
0.4437500000000001,0.4958190845602372,-0.0025406713983235365,-0.256529316524837,-1.455207789597525
