{
  "balanced_accuracy": 0.49555335968379444,
  "mcc": -0.008931607562259565,
  "auprc": 0.5402044640559587
}