roc_auc,auprc,mcc,cost_CAGR,cost_Sharpe
0.47350603070175434,0.5138314183037954,-0.04176627299875048,-0.0288195539153407,-0.169738947779143
