{
  "balanced_accuracy": 0.504062362758015,
  "mcc": 0.008144421849214753,
  "auprc": 0.5196198680548676
}