roc_auc,auprc,mcc,cost_CAGR,cost_Sharpe
0.49052905701754385,0.5255525905999563,-0.018880851710166287,-0.1590152823534437,-1.3231675065259003
