{
  "balanced_accuracy": 0.4986013986013986,
  "mcc": -0.0035390378133317007,
  "auprc": 0.6457989175072884
}