roc_auc,auprc,mcc,cost_CAGR,cost_Sharpe
0.5180264180264181,0.6164284435776947,-0.0035390378133317007,-0.0257906503425239,-0.6256098504339533
