{
  "balanced_accuracy": 0.44005270092226617,
  "mcc": -0.12432813592275581,
  "auprc": 0.5010036315054993
}