roc_auc,auprc,mcc,cost_CAGR,cost_Sharpe
0.5081551535087719,0.5317544335163259,0.02187658382522243,-0.1276504975717052,-0.826508756180137
